"Table 940-92031 : Persons arrested for crime by type of offence, age group and sex",,,,,,,,,,,,,
 ,,,,,,,,,,,,,
 , ,Persons arrested for crime (1) (2),Persons arrested for crime (1) (2),Persons arrested for crime (1) (2),Persons arrested for crime (1) (2),Persons arrested for crime (1) (2),Persons arrested for crime (1) (2),Persons arrested for crime (1) (2),Persons arrested for crime (1) (2),Persons arrested for crime (1) (2),Persons arrested for crime (1) (2),Persons arrested for crime (1) (2),Persons arrested for crime (1) (2)
,,Number,Number,Number,Number,Number,Number,Number,Number,Number,Number,Number,Number
Age group,,10月15日,10月15日,10月15日,16-20,16-20,16-20,≧21,≧21,≧21,Total,Total,Total
Sex,,Male,Female,Both sexes,Male,Female,Both sexes,Male,Female,Both sexes,Male,Female,Both sexes
Year,Type of offence,,,,,,,,,,,,
2007,Violent crime,1074,262,1336,1174,114,1288,6578,1501,8079,8826,1877,10703
2007,     Rape,5,0,5,22,2,24,70,1,71,97,3,100
2007,     Indecent assault,116,2,118,76,1,77,656,3,659,848,6,854
2007,     Murder and manslaughter,1,1,2,9,0,9,11,3,14,21,4,25
2007,     Attempted murder,0,0,0,0,0,0,4,2,6,4,2,6
2007,     Wounding,88,15,103,253,12,265,932,121,1053,1273,148,1421
2007,     Serious assault,487,137,624,537,61,598,2894,961,3855,3918,1159,5077
2007,     Assault on police,2,0,2,29,1,30,276,34,310,307,35,342
2007,     Kidnapping and child stealing,0,0,0,0,0,0,4,0,4,4,0,4
2007,     Cruelty to child,0,0,0,2,5,7,163,175,338,165,180,345
2007,     Criminal intimidation,39,34,73,42,17,59,939,149,1088,1020,200,1220
2007,     Robbery with firearms/arms,0,0,0,0,0,0,1,0,1,1,0,1
2007,     Robbery with pistol-like objects,0,0,0,0,0,0,13,0,13,13,0,13
2007,     Other robberies,172,35,207,137,7,144,307,10,317,616,52,668
2007,     Aggravated burglary,0,0,0,0,0,0,4,0,4,4,0,4
2007,     Blackmail,76,29,105,45,7,52,232,35,267,353,71,424
2007,     Arson,88,9,97,22,1,23,72,7,79,182,17,199
2007,Non-violent crime,2373,935,3308,2994,741,3735,17837,7357,25194,23204,9033,32237
2007,     Burglary,46,6,52,56,2,58,371,19,390,473,27,500
2007,     Snatching,62,4,66,36,5,41,75,7,82,173,16,189
2007,     Pickpocketing,9,1,10,7,5,12,196,46,242,212,52,264
2007,     Shop theft,520,499,1019,187,206,393,2402,2731,5133,3109,3436,6545
2007,     Theft from vehicle,14,1,15,12,0,12,210,4,214,236,5,241
2007,     Taking conveyance without authority,8,1,9,23,2,25,107,1,108,138,4,142
2007,     Other thefts,792,236,1028,617,160,777,3416,1338,4754,4825,1734,6559
2007,     Handling stolen goods,42,13,55,25,8,33,136,30,166,203,51,254
2007,"     Deception, fraud and forgery",32,15,47,155,64,219,1651,880,2531,1838,959,2797
2007,     Sexual offences (other than rape and indecent assault),90,5,95,166,6,172,549,121,670,805,132,937
2007,     Serious drug offences,86,25,111,667,144,811,2155,454,2609,2908,623,3531
2007,     Serious immigration offences,8,7,15,32,19,51,461,235,696,501,261,762
2007,     Criminal damage,158,32,190,150,18,168,1163,170,1333,1471,220,1691
2007,     Unlawful society offences,192,19,211,231,6,237,306,16,322,729,41,770
2007,     Possession of arms/ammunition/offensive weapon,37,7,44,56,11,67,436,119,555,529,137,666
2007,     Other crimes,277,64,341,574,85,659,4203,1186,5389,5054,1335,6389
2007,Total,3447,1197,4644,4168,855,5023,24415,8858,33273,32030,10910,42940
2008,Violent crime,1000,220,1220,1046,95,1141,6103,1473,7576,8149,1788,9937
2008,     Rape,7,0,7,30,0,30,71,0,71,108,0,108
2008,     Indecent assault,137,9,146,70,1,71,623,7,630,830,17,847
2008,     Murder and manslaughter,1,0,1,9,1,10,27,4,31,37,5,42
2008,     Attempted murder,0,0,0,0,0,0,4,1,5,4,1,5
2008,     Wounding,100,20,120,230,23,253,951,152,1103,1281,195,1476
2008,     Serious assault,433,90,523,426,44,470,2598,918,3516,3457,1052,4509
2008,     Assault on police,4,4,8,22,0,22,261,33,294,287,37,324
2008,     Kidnapping and child stealing,0,0,0,2,0,2,3,1,4,5,1,6
2008,     Cruelty to child,1,0,1,1,0,1,152,167,319,154,167,321
2008,     Criminal intimidation,40,48,88,55,10,65,899,145,1044,994,203,1197
2008,     Robbery with firearms/arms,0,0,0,0,0,0,1,0,1,1,0,1
2008,     Robbery with pistol-like objects,0,0,0,1,0,1,18,1,19,19,1,20
2008,     Other robberies,147,31,178,138,10,148,254,10,264,539,51,590
2008,     Aggravated burglary,0,0,0,0,0,0,1,0,1,1,0,1
2008,     Blackmail,53,12,65,35,5,40,173,21,194,261,38,299
2008,     Arson,77,6,83,27,1,28,67,13,80,171,20,191
2008,Non-violent crime,2114,844,2958,2931,758,3689,17314,7322,24636,22359,8924,31283
2008,     Burglary,61,9,70,58,5,63,382,29,411,501,43,544
2008,     Snatching,34,1,35,15,0,15,78,4,82,127,5,132
2008,     Pickpocketing,0,2,2,2,0,2,171,32,203,173,34,207
2008,     Shop theft,549,523,1072,224,223,447,2559,2810,5369,3332,3556,6888
2008,     Theft from vehicle,21,1,22,15,3,18,212,7,219,248,11,259
2008,     Taking conveyance without authority,4,0,4,24,1,25,92,2,94,120,3,123
2008,     Other thefts,619,214,833,476,135,611,3189,1341,4530,4284,1690,5974
2008,     Handling stolen goods,17,0,17,19,3,22,108,49,157,144,52,196
2008,"     Deception, fraud and forgery",27,9,36,186,70,256,1573,832,2405,1786,911,2697
2008,     Sexual offences (other than rape and indecent assault),104,3,107,201,6,207,490,138,628,795,147,942
2008,     Serious drug offences,117,27,144,832,177,1009,2130,435,2565,3079,639,3718
2008,     Serious immigration offences,0,3,3,29,24,53,433,245,678,462,272,734
2008,     Criminal damage,154,13,167,138,15,153,1135,183,1318,1427,211,1638
2008,     Unlawful society offences,159,6,165,220,3,223,295,9,304,674,18,692
2008,     Possession of arms/ammunition/offensive weapon,27,4,31,55,17,72,439,103,542,521,124,645
2008,     Other crimes,221,29,250,437,76,513,4028,1103,5131,4686,1208,5894
2008,Total,3114,1064,4178,3977,853,4830,23417,8795,32212,30508,10712,41220
2009,Violent crime,866,230,1096,990,115,1105,6181,1454,7635,8037,1799,9836
2009,     Rape,6,1,7,32,0,32,93,2,95,131,3,134
2009,     Indecent assault,126,11,137,86,3,89,645,5,650,857,19,876
2009,     Murder and manslaughter,0,0,0,1,0,1,28,6,34,29,6,35
2009,     Attempted murder,0,0,0,0,0,0,2,2,4,2,2,4
2009,     Wounding,128,16,144,224,10,234,931,165,1096,1283,191,1474
2009,     Serious assault,359,112,471,432,58,490,2589,854,3443,3380,1024,4404
2009,     Assault on police,2,0,2,19,0,19,197,25,222,218,25,243
2009,     Kidnapping and child stealing,0,0,0,0,0,0,0,0,0,0,0,0
2009,     Cruelty to child,0,0,0,3,2,5,126,155,281,129,157,286
2009,     Criminal intimidation,56,34,90,64,25,89,1057,205,1262,1177,264,1441
2009,     Robbery with firearms/arms,0,0,0,0,0,0,3,0,3,3,0,3
2009,     Robbery with pistol-like objects,0,0,0,0,0,0,6,0,6,6,0,6
2009,     Other robberies,69,28,97,69,7,76,236,10,246,374,45,419
2009,     Aggravated burglary,0,0,0,0,0,0,1,0,1,1,0,1
2009,     Blackmail,72,17,89,46,8,54,209,15,224,327,40,367
2009,     Arson,48,11,59,14,2,16,58,10,68,120,23,143
2009,Non-violent crime,1968,942,2910,2799,780,3579,16862,7538,24400,21629,9260,30889
2009,     Burglary,36,6,42,69,6,75,402,41,443,507,53,560
2009,     Snatching,18,3,21,8,1,9,76,6,82,102,10,112
2009,     Pickpocketing,0,0,0,2,2,4,179,44,223,181,46,227
2009,     Shop theft,518,600,1118,201,258,459,2999,3171,6170,3718,4029,7747
2009,     Theft from vehicle,12,1,13,9,0,9,158,4,162,179,5,184
2009,     Taking conveyance without authority,7,0,7,30,3,33,108,4,112,145,7,152
2009,     Other thefts,553,161,714,466,128,594,2685,1330,4015,3704,1619,5323
2009,     Handling stolen goods,15,4,19,9,3,12,72,20,92,96,27,123
2009,"     Deception, fraud and forgery",33,20,53,156,54,210,1690,736,2426,1879,810,2689
2009,     Sexual offences (other than rape and indecent assault),95,1,96,169,4,173,462,112,574,726,117,843
2009,     Serious drug offences,120,49,169,770,176,946,2149,433,2582,3039,658,3697
2009,     Serious immigration offences,5,1,6,34,30,64,320,187,507,359,218,577
2009,     Criminal damage,147,16,163,132,15,147,1189,216,1405,1468,247,1715
2009,     Unlawful society offences,138,14,152,166,9,175,270,13,283,574,36,610
2009,     Possession of arms/ammunition/offensive weapon,35,5,40,67,13,80,363,125,488,465,143,608
2009,     Other crimes,236,61,297,511,78,589,3740,1096,4836,4487,1235,5722
2009,Total,2834,1172,4006,3789,895,4684,23043,8992,32035,29666,11059,40725
2010,Violent crime,794,231,1025,1044,98,1142,5668,1290,6958,7506,1619,9125
2010,     Rape,5,0,5,35,0,35,86,2,88,126,2,128
2010,     Indecent assault,166,2,168,92,1,93,698,7,705,956,10,966
2010,     Murder and manslaughter,3,0,3,1,2,3,21,8,29,25,10,35
2010,     Attempted murder,0,0,0,0,0,0,0,0,0,0,0,0
2010,     Wounding,85,10,95,235,15,250,887,148,1035,1207,173,1380
2010,     Serious assault,303,117,420,424,47,471,2239,715,2954,2966,879,3845
2010,     Assault on police,1,0,1,23,2,25,210,32,242,234,34,268
2010,     Kidnapping and child stealing,0,0,0,1,0,1,3,4,7,4,4,8
2010,     Cruelty to child,0,0,0,2,4,6,133,129,262,135,133,268
2010,     Criminal intimidation,58,56,114,85,17,102,1020,209,1229,1163,282,1445
2010,     Robbery with firearms/arms,0,0,0,0,0,0,1,0,1,1,0,1
2010,     Robbery with pistol-like objects,0,0,0,0,0,0,5,0,5,5,0,5
2010,     Other robberies,83,10,93,92,4,96,176,5,181,351,19,370
2010,     Aggravated burglary,0,0,0,0,0,0,2,0,2,2,0,2
2010,     Blackmail,60,26,86,35,5,40,143,25,168,238,56,294
2010,     Arson,30,10,40,19,1,20,44,6,50,93,17,110
2010,Non-violent crime,1752,799,2551,2512,601,3113,15564,7603,23167,19828,9003,28831
2010,     Burglary,38,8,46,32,5,37,365,22,387,435,35,470
2010,     Snatching,16,8,24,17,1,18,67,3,70,100,12,112
2010,     Pickpocketing,0,0,0,2,1,3,194,53,247,196,54,250
2010,     Shop theft,492,518,1010,144,173,317,2795,3366,6161,3431,4057,7488
2010,     Theft from vehicle,16,0,16,13,0,13,145,5,150,174,5,179
2010,     Taking conveyance without authority,7,0,7,23,3,26,106,5,111,136,8,144
2010,     Other thefts,535,122,657,433,109,542,2672,1290,3962,3640,1521,5161
2010,     Handling stolen goods,12,2,14,12,0,12,73,19,92,97,21,118
2010,"     Deception, fraud and forgery",18,16,34,136,48,184,1448,723,2171,1602,787,2389
2010,     Sexual offences (other than rape and indecent assault),70,1,71,136,1,137,382,111,493,588,113,701
2010,     Serious drug offences,64,20,84,549,152,701,1742,426,2168,2355,598,2953
2010,     Serious immigration offences,0,2,2,10,12,22,272,167,439,282,181,463
2010,     Criminal damage,89,33,122,182,12,194,1122,195,1317,1393,240,1633
2010,     Unlawful society offences,129,12,141,215,14,229,197,8,205,541,34,575
2010,     Possession of arms/ammunition/offensive weapon,35,9,44,78,11,89,362,83,445,475,103,578
2010,     Other crimes,231,48,279,530,59,589,3622,1127,4749,4383,1234,5617
2010,Total,2546,1030,3576,3556,699,4255,21232,8893,30125,27334,10622,37956
2011,Violent crime,773,173,946,1071,74,1145,5541,1330,6871,7385,1577,8962
2011,     Rape,2,0,2,19,0,19,70,0,70,91,0,91
2011,     Indecent assault,119,3,122,87,1,88,721,5,726,927,9,936
2011,     Murder and manslaughter,0,0,0,2,0,2,10,7,17,12,7,19
2011,     Attempted murder,0,0,0,0,0,0,2,1,3,2,1,3
2011,     Wounding,91,6,97,324,8,332,922,164,1086,1337,178,1515
2011,     Serious assault,323,71,394,377,42,419,2189,772,2961,2889,885,3774
2011,     Assault on police,0,1,1,16,3,19,175,32,207,191,36,227
2011,     Kidnapping and child stealing,0,0,0,0,0,0,0,0,0,0,0,0
2011,     Cruelty to child,0,0,0,1,1,2,79,117,196,80,118,198
2011,     Criminal intimidation,53,42,95,67,8,75,943,193,1136,1063,243,1306
2011,     Robbery with firearms/arms,0,0,0,0,0,0,1,0,1,1,0,1
2011,     Robbery with pistol-like objects,0,0,0,1,0,1,3,0,3,4,0,4
2011,     Other robberies,89,25,114,110,5,115,172,4,176,371,34,405
2011,     Aggravated burglary,0,0,0,0,0,0,0,0,0,0,0,0
2011,     Blackmail,50,13,63,46,3,49,184,27,211,280,43,323
2011,     Arson,46,12,58,21,3,24,70,8,78,137,23,160
2011,Non-violent crime,1726,671,2397,2614,591,3205,15955,7808,23763,20295,9070,29365
2011,     Burglary,51,4,55,67,7,74,420,29,449,538,40,578
2011,     Snatching,15,1,16,22,1,23,55,2,57,92,4,96
2011,     Pickpocketing,0,0,0,3,1,4,239,39,278,242,40,282
2011,     Shop theft,443,436,879,149,189,338,2697,3546,6243,3289,4171,7460
2011,     Theft from vehicle,10,3,13,9,0,9,138,3,141,157,6,163
2011,     Taking conveyance without authority,3,0,3,39,4,43,116,1,117,158,5,163
2011,     Other thefts,526,106,632,462,102,564,2889,1429,4318,3877,1637,5514
2011,     Handling stolen goods,22,3,25,16,2,18,61,27,88,99,32,131
2011,"     Deception, fraud and forgery",13,12,25,164,43,207,1505,733,2238,1682,788,2470
2011,     Sexual offences (other than rape and indecent assault),71,8,79,156,3,159,364,102,466,591,113,704
2011,     Serious drug offences,67,14,81,475,137,612,1707,412,2119,2249,563,2812
2011,     Serious immigration offences,2,2,4,5,5,10,188,99,287,195,106,301
2011,     Criminal damage,106,30,136,193,13,206,1213,220,1433,1512,263,1775
2011,     Unlawful society offences,101,7,108,210,12,222,270,11,281,581,30,611
2011,     Possession of arms/ammunition/offensive weapon,42,5,47,68,13,81,338,73,411,448,91,539
2011,     Other crimes,254,40,294,576,59,635,3755,1082,4837,4585,1181,5766
2011,Total,2499,844,3343,3685,665,4350,21496,9138,30634,27680,10647,38327
2012,Violent crime,623,128,751,986,76,1062,5898,1328,7226,7507,1532,9039
2012,     Rape,2,0,2,17,0,17,88,0,88,107,0,107
2012,     Indecent assault,95,8,103,81,2,83,828,9,837,1004,19,1023
2012,     Murder and manslaughter,0,0,0,12,0,12,48,6,54,60,6,66
2012,     Attempted murder,0,0,0,1,0,1,2,1,3,3,1,4
2012,     Wounding,103,11,114,277,10,287,968,131,1099,1348,152,1500
2012,     Serious assault,251,56,307,398,43,441,2286,783,3069,2935,882,3817
2012,     Assault on police,5,0,5,16,0,16,212,46,258,233,46,279
2012,     Kidnapping and child stealing,0,0,0,0,0,0,0,1,1,0,1,1
2012,     Cruelty to child,0,0,0,1,2,3,102,133,235,103,135,238
2012,     Criminal intimidation,43,28,71,50,15,65,942,182,1124,1035,225,1260
2012,     Robbery with firearms/arms,0,0,0,0,0,0,0,0,0,0,0,0
2012,     Robbery with pistol-like objects,0,0,0,0,0,0,2,0,2,2,0,2
2012,     Other robberies,72,15,87,92,2,94,221,12,233,385,29,414
2012,     Aggravated burglary,0,0,0,0,0,0,1,0,1,1,0,1
2012,     Blackmail,27,5,32,27,2,29,136,17,153,190,24,214
2012,     Arson,25,5,30,14,0,14,62,7,69,101,12,113
2012,Non-violent crime,1322,415,1737,2404,568,2972,16825,8042,24867,20551,9025,29576
2012,     Burglary,20,4,24,40,6,46,428,39,467,488,49,537
2012,     Snatching,27,0,27,31,0,31,60,4,64,118,4,122
2012,     Pickpocketing,0,1,1,4,5,9,189,45,234,193,51,244
2012,     Shop theft,285,226,511,148,154,302,2678,3428,6106,3111,3808,6919
2012,     Theft from vehicle,12,0,12,8,0,8,121,1,122,141,1,142
2012,     Taking conveyance without authority,7,0,7,16,3,19,118,6,124,141,9,150
2012,     Other thefts,377,85,462,419,124,543,3113,1490,4603,3909,1699,5608
2012,     Handling stolen goods,5,0,5,8,1,9,59,23,82,72,24,96
2012,"     Deception, fraud and forgery",12,7,19,129,42,171,1551,815,2366,1692,864,2556
2012,     Sexual offences (other than rape and indecent assault),52,0,52,131,2,133,445,117,562,628,119,747
2012,     Serious drug offences,61,16,77,426,114,540,1807,487,2294,2294,617,2911
2012,     Serious immigration offences,2,7,9,11,6,17,233,107,340,246,120,366
2012,     Criminal damage,101,27,128,167,19,186,1408,268,1676,1676,314,1990
2012,     Unlawful society offences,118,7,125,321,8,329,339,11,350,778,26,804
2012,     Possession of arms/ammunition/offensive weapon,20,1,21,54,11,65,369,74,443,443,86,529
2012,     Other crimes,223,34,257,491,73,564,3907,1127,5034,4621,1234,5855
2012,Total,1945,543,2488,3390,644,4034,22723,9370,32093,28058,10557,38615
2013,Violent crime,546,119,665,787,83,870,5519,1270,6789,6852,1472,8324
2013,     Rape,4,1,5,22,1,23,78,0,78,104,2,106
2013,     Indecent assault,94,3,97,72,1,73,784,5,789,950,9,959
2013,     Murder and manslaughter,0,0,0,7,3,10,41,4,45,48,7,55
2013,     Attempted murder,0,0,0,0,0,0,1,2,3,1,2,3
2013,     Wounding,76,7,83,158,14,172,886,127,1013,1120,148,1268
2013,     Serious assault,195,64,259,334,38,372,2227,761,2988,2756,863,3619
2013,     Assault on police,1,0,1,29,0,29,222,31,253,252,31,283
2013,     Kidnapping and child stealing,0,0,0,1,0,1,7,0,7,8,0,8
2013,     Cruelty to child,0,0,0,0,0,0,101,137,238,101,137,238
2013,     Criminal intimidation,38,31,69,45,15,60,836,178,1014,919,224,1143
2013,     Robbery with firearms/arms,0,0,0,0,0,0,0,0,0,0,0,0
2013,     Robbery with pistol-like objects,0,0,0,3,0,3,6,0,6,9,0,9
2013,     Other robberies,53,1,54,75,3,78,155,6,161,283,10,293
2013,     Aggravated burglary,0,0,0,0,0,0,0,0,0,0,0,0
2013,     Blackmail,31,11,42,24,5,29,115,14,129,170,30,200
2013,     Arson,54,1,55,17,3,20,60,5,65,131,9,140
2013,Non-violent crime,1052,366,1418,1916,528,2444,16273,8150,24423,19241,9044,28285
2013,     Burglary,36,3,39,25,1,26,353,34,387,414,38,452
2013,     Snatching,10,1,11,21,0,21,61,4,65,92,5,97
2013,     Pickpocketing,0,2,2,4,2,6,172,50,222,176,54,230
2013,     Shop theft,204,179,383,74,142,216,2626,3339,5965,2904,3660,6564
2013,     Theft from vehicle,10,0,10,1,0,1,121,8,129,132,8,140
2013,     Taking conveyance without authority,4,2,6,18,3,21,105,7,112,127,12,139
2013,     Other thefts,287,78,365,294,94,388,2865,1425,4290,3446,1597,5043
2013,     Handling stolen goods,7,4,11,7,4,11,71,35,106,85,43,128
2013,"     Deception, fraud and forgery",14,14,28,121,54,175,1575,856,2431,1710,924,2634
2013,     Sexual offences (other than rape and indecent assault),66,2,68,117,4,121,365,97,462,548,103,651
2013,     Serious drug offences,92,28,120,389,116,505,1857,486,2343,2338,630,2968
2013,     Serious immigration offences,2,2,4,19,10,29,176,76,252,197,88,285
2013,     Criminal damage,74,9,83,158,14,172,1373,256,1629,1605,279,1884
2013,     Unlawful society offences,111,14,125,239,7,246,273,7,280,623,28,651
2013,     Possession of arms/ammunition/offensive weapon,16,4,20,43,17,60,593,140,733,652,161,813
2013,     Other crimes,119,24,143,386,60,446,3687,1330,5017,4192,1414,5606
2013,Total,1598,485,2083,2703,611,3314,21792,9420,31212,26093,10516,36609
2014,Violent crime,374,71,445,640,60,700,4863,1154,6017,5877,1285,7162
2014,     Rape,1,0,1,12,0,12,49,0,49,62,0,62
2014,     Indecent assault,61,0,61,70,1,71,655,11,666,786,12,798
2014,     Murder and manslaughter,0,1,1,1,1,2,26,3,29,27,5,32
2014,     Attempted murder,0,0,0,0,0,0,0,0,0,0,0,0
2014,     Wounding,47,8,55,184,8,192,776,117,893,1007,133,1140
2014,     Serious assault,141,35,176,224,35,259,1940,633,2573,2305,703,3008
2014,     Assault on police,2,0,2,22,2,24,225,36,261,249,38,287
2014,     Kidnapping and child stealing,0,0,0,0,0,0,1,1,2,1,1,2
2014,     Cruelty to child,0,0,0,0,1,1,91,162,253,91,163,254
2014,     Criminal intimidation,14,15,29,36,4,40,797,133,930,847,152,999
2014,     Robbery with firearms/arms,0,0,0,0,0,0,1,0,1,1,0,1
2014,     Robbery with pistol-like objects,0,0,0,0,0,0,1,0,1,1,0,1
2014,     Other robberies,35,3,38,47,3,50,112,6,118,194,12,206
2014,     Aggravated burglary,0,0,0,0,0,0,0,0,0,0,0,0
2014,     Blackmail,25,6,31,34,3,37,148,45,193,207,54,261
2014,     Arson,48,3,51,10,2,12,41,7,48,99,12,111
2014,Non-violent crime,788,277,1065,1642,472,2114,15584,7754,23338,18014,8503,26517
2014,     Burglary,19,1,20,22,4,26,335,24,359,376,29,405
2014,     Snatching,6,1,7,7,0,7,52,5,57,65,6,71
2014,     Pickpocketing,0,0,0,1,1,2,144,43,187,145,44,189
2014,     Shop theft,185,139,324,105,141,246,2601,3472,6073,2891,3752,6643
2014,     Theft from vehicle,2,0,2,1,0,1,117,6,123,120,6,126
2014,     Taking conveyance without authority,2,0,2,19,2,21,109,6,115,130,8,138
2014,     Other thefts,200,44,244,233,73,306,2596,1303,3899,3029,1420,4449
2014,     Handling stolen goods,3,1,4,2,4,6,61,18,79,66,23,89
2014,"     Deception, fraud and forgery",11,13,24,111,62,173,1529,842,2371,1651,917,2568
2014,     Sexual offences (other than rape and indecent assault),72,1,73,92,2,94,330,48,378,494,51,545
2014,     Serious drug offences,49,29,78,298,69,367,1578,399,1977,1925,497,2422
2014,     Serious immigration offences,2,4,6,7,0,7,144,77,221,153,81,234
2014,     Criminal damage,60,16,76,168,8,176,1333,236,1569,1561,260,1821
2014,     Unlawful society offences,62,4,66,135,6,141,187,6,193,384,16,400
2014,     Possession of arms/ammunition/offensive weapon,9,1,10,58,17,75,626,156,782,693,174,867
2014,     Other crimes,106,23,129,383,83,466,3842,1113,4955,4331,1219,5550
2014,Total,1162,348,1510,2282,532,2814,20447,8908,29355,23891,9788,33679
2015,Violent crime,334,89,423,569,55,624,4727,1097,5824,5630,1241,6871
2015,     Rape,5,0,5,11,0,11,54,0,54,70,0,70
2015,     Indecent assault,80,1,81,53,0,53,644,4,648,777,5,782
2015,     Murder and manslaughter,0,0,0,1,0,1,23,4,27,24,4,28
2015,     Attempted murder,0,0,0,0,0,0,2,0,2,2,0,2
2015,     Wounding,32,7,39,146,5,151,758,126,884,936,138,1074
2015,     Serious assault,131,56,187,209,44,253,1918,614,2532,2258,714,2972
2015,     Assault on police,3,1,4,17,2,19,171,40,211,191,43,234
2015,     Kidnapping and child stealing,0,0,0,0,0,0,2,0,2,2,0,2
2015,     Cruelty to child,0,2,2,1,0,1,101,144,245,102,146,248
2015,     Criminal intimidation,28,14,42,34,3,37,759,135,894,821,152,973
2015,     Robbery with firearms/arms,0,0,0,0,0,0,3,0,3,3,0,3
2015,     Robbery with pistol-like objects,0,0,0,0,0,0,2,1,3,2,1,3
2015,     Other robberies,21,1,22,54,0,54,88,2,90,163,3,166
2015,     Aggravated burglary,0,0,0,0,0,0,2,0,2,2,0,2
2015,     Blackmail,18,7,25,20,1,21,133,19,152,171,27,198
2015,     Arson,16,0,16,23,0,23,67,8,75,106,8,114
2015,Non-violent crime,642,244,886,1752,450,2202,16063,7756,23819,18457,8450,26907
2015,     Burglary,5,1,6,12,0,12,368,26,394,385,27,412
2015,     Snatching,10,0,10,8,0,8,59,7,66,77,7,84
2015,     Pickpocketing,0,0,0,3,0,3,163,36,199,166,36,202
2015,     Shop theft,147,129,276,114,150,264,2833,3502,6335,3094,3781,6875
2015,     Theft from vehicle,0,0,0,2,0,2,123,2,125,125,2,127
2015,     Taking conveyance without authority,1,0,1,27,3,30,121,5,126,149,8,157
2015,     Other thefts,110,34,144,240,57,297,2687,1176,3863,3037,1267,4304
2015,     Handling stolen goods,1,1,2,3,0,3,41,21,62,45,22,67
2015,"     Deception, fraud and forgery",11,18,29,131,79,210,1538,842,2380,1680,939,2619
2015,     Sexual offences (other than rape and indecent assault),64,4,68,85,5,90,335,83,418,484,92,576
2015,     Serious drug offences,51,13,64,267,68,335,1701,437,2138,2019,518,2537
2015,     Serious immigration offences,4,1,5,13,5,18,243,119,362,260,125,385
2015,     Criminal damage,72,11,83,170,12,182,1391,237,1628,1633,260,1893
2015,     Unlawful society offences,69,6,75,289,2,291,346,4,350,704,12,716
2015,     Possession of arms/ammunition/offensive weapon,11,1,12,64,15,79,650,164,814,725,180,905
2015,     Other crimes,86,25,111,324,54,378,3464,1095,4559,3874,1174,5048
2015,Total,976,333,1309,2321,505,2826,20790,8853,29643,24087,9691,33778
2016,Violent crime,249,44,293,463,52,515,4628,1038,5666,5340,1134,6474
2016,     Rape,1,0,1,4,0,4,60,0,60,65,0,65
2016,     Indecent assault,79,4,83,47,1,48,621,5,626,747,10,757
2016,     Murder and manslaughter,0,0,0,1,2,3,32,4,36,33,6,39
2016,     Attempted murder,0,0,0,0,0,0,3,0,3,3,0,3
2016,     Wounding,25,1,26,125,5,130,711,119,830,861,125,986
2016,     Serious assault,87,27,114,181,26,207,1852,595,2447,2120,648,2768
2016,     Assault on police,1,2,3,8,1,9,172,30,202,181,33,214
2016,     Kidnapping and child stealing,0,0,0,0,0,0,0,0,0,0,0,0
2016,     Cruelty to child,0,0,0,3,2,5,90,135,225,93,137,230
2016,     Criminal intimidation,8,6,14,31,8,39,756,123,879,795,137,932
2016,     Robbery with firearms/arms,0,0,0,0,0,0,0,0,0,0,0,0
2016,     Robbery with pistol-like objects,0,0,0,0,0,0,4,1,5,4,1,5
2016,     Other robberies,23,0,23,41,4,45,120,5,125,184,9,193
2016,     Aggravated burglary,0,0,0,0,0,0,0,0,0,0,0,0
2016,     Blackmail,13,1,14,13,1,14,116,12,128,142,14,156
2016,     Arson,12,3,15,9,2,11,91,9,100,112,14,126
2016,Non-violent crime,584,197,781,1385,392,1777,16224,7986,24210,18193,8575,26768
2016,     Burglary,12,3,15,13,1,14,397,30,427,422,34,456
2016,     Snatching,16,0,16,13,0,13,59,2,61,88,2,90
2016,     Pickpocketing,0,0,0,3,0,3,206,38,244,209,38,247
2016,     Shop theft,144,114,258,115,135,250,2922,3541,6463,3181,3790,6971
2016,     Theft from vehicle,0,0,0,3,0,3,119,2,121,122,2,124
2016,     Taking conveyance without authority,0,0,0,18,2,20,117,3,120,135,5,140
2016,     Other thefts,122,23,145,179,49,228,2551,1134,3685,2852,1206,4058
2016,     Handling stolen goods,4,0,4,8,0,8,58,25,83,70,25,95
2016,"     Deception, fraud and forgery",6,11,17,113,49,162,1548,859,2407,1667,919,2586
2016,     Sexual offences (other than rape and indecent assault),52,0,52,68,2,70,321,178,499,441,180,621
2016,     Serious drug offences,32,9,41,217,67,284,1712,473,2185,1961,549,2510
2016,     Serious immigration offences,3,0,3,15,7,22,278,124,402,296,131,427
2016,     Criminal damage,58,14,72,134,12,146,1361,250,1611,1553,276,1829
2016,     Unlawful society offences,37,0,37,133,4,137,227,6,233,397,10,407
2016,     Possession of arms/ammunition/offensive weapon,8,1,9,58,21,79,623,142,765,689,164,853
2016,     Other crimes,90,22,112,295,43,338,3725,1179,4904,4110,1244,5354
2016,Total,833,241,1074,1848,444,2292,20852,9024,29876,23533,9709,33242
2017,Violent crime,202,53,255,372,37,409,4453,988,5441,5027,1078,6105
2017,     Rape,0,0,0,7,0,7,56,0,56,63,0,63
2017,     Indecent assault,65,1,66,55,0,55,667,3,670,787,4,791
2017,     Murder and manslaughter,0,0,0,2,0,2,32,3,35,34,3,37
2017,     Attempted murder,0,0,0,1,0,1,4,1,5,5,1,6
2017,     Wounding,16,2,18,77,5,82,629,82,711,722,89,811
2017,     Serious assault,57,38,95,139,21,160,1741,580,2321,1937,639,2576
2017,     Assault on police,1,0,1,12,1,13,154,32,186,167,33,200
2017,     Kidnapping and child stealing,0,0,0,0,0,0,0,0,0,0,0,0
2017,     Cruelty to child,0,0,0,1,2,3,99,120,219,100,122,222
2017,     Criminal intimidation,19,8,27,21,4,25,708,124,832,748,136,884
2017,     Robbery with firearms/arms,0,0,0,0,0,0,8,1,9,8,1,9
2017,     Robbery with pistol-like objects,0,0,0,0,0,0,2,0,2,2,0,2
2017,     Other robberies,9,0,9,18,0,18,131,10,141,158,10,168
2017,     Aggravated burglary,0,0,0,0,0,0,1,0,1,1,0,1
2017,     Blackmail,14,2,16,30,3,33,132,20,152,176,25,201
2017,     Arson,21,2,23,9,1,10,89,12,101,119,15,134
2017,Non-violent crime,517,156,673,1066,329,1395,14754,7439,22193,16337,7924,24261
2017,     Burglary,13,1,14,23,1,24,356,33,389,392,35,427
2017,     Snatching,5,0,5,4,0,4,44,3,47,53,3,56
2017,     Pickpocketing,0,0,0,2,0,2,142,28,170,144,28,172
2017,     Shop theft,175,81,256,97,122,219,2831,3420,6251,3103,3623,6726
2017,     Theft from vehicle,4,0,4,6,0,6,147,3,150,157,3,160
2017,     Taking conveyance without authority,0,0,0,9,2,11,112,4,116,121,6,127
2017,     Other thefts,107,18,125,126,45,171,2283,1007,3290,2516,1070,3586
2017,     Handling stolen goods,2,0,2,4,0,4,37,19,56,43,19,62
2017,"     Deception, fraud and forgery",10,6,16,62,41,103,1291,806,2097,1363,853,2216
2017,     Sexual offences (other than rape and indecent assault),42,0,42,80,2,82,308,165,473,430,167,597
2017,     Serious drug offences,17,8,25,166,47,213,1563,412,1975,1746,467,2213
2017,     Serious immigration offences,0,0,0,10,2,12,349,176,525,359,178,537
2017,     Criminal damage,42,13,55,127,7,134,1322,216,1538,1491,236,1727
2017,     Unlawful society offences,15,0,15,96,0,96,231,2,233,342,2,344
2017,     Possession of arms/ammunition/offensive weapon,14,1,15,53,18,71,577,122,699,644,141,785
2017,     Other crimes,71,28,99,201,42,243,3161,1023,4184,3433,1093,4526
2017,Total,719,209,928,1438,366,1804,19207,8427,27634,21364,9002,30366
2018,Violent crime,246,44,290,399,41,440,4349,994,5343,4994,1079,6073
2018,     Rape,2,0,2,4,0,4,61,0,61,67,0,67
2018,     Indecent assault,66,0,66,54,2,56,682,8,690,802,10,812
2018,     Murder and manslaughter,0,0,0,1,0,1,26,8,34,27,8,35
2018,     Attempted murder,0,0,0,1,0,1,1,0,1,2,0,2
2018,     Wounding,19,7,26,79,3,82,713,116,829,811,126,937
2018,     Serious assault,109,23,132,156,26,182,1676,544,2220,1941,593,2534
2018,     Assault on police,1,0,1,4,0,4,96,12,108,101,12,113
2018,     Kidnapping and child stealing,0,0,0,0,0,0,0,0,0,0,0,0
2018,     Cruelty to child,0,0,0,1,1,2,128,150,278,129,151,280
2018,     Criminal intimidation,8,10,18,24,2,26,671,124,795,703,136,839
2018,     Robbery with firearms/arms,0,0,0,0,0,0,0,0,0,0,0,0
2018,     Robbery with pistol-like objects,0,0,0,0,0,0,2,0,2,2,0,2
2018,     Other robberies,21,0,21,33,1,34,110,1,111,164,2,166
2018,     Aggravated burglary,0,0,0,0,0,0,1,0,1,1,0,1
2018,     Blackmail,10,2,12,28,5,33,124,19,143,162,26,188
2018,     Arson,10,2,12,14,1,15,58,12,70,82,15,97
2018,Non-violent crime,511,127,638,1105,296,1401,14206,6648,20854,15822,7071,22893
2018,     Burglary,17,3,20,11,1,12,303,28,331,331,32,363
2018,     Snatching,4,0,4,10,0,10,46,2,48,60,2,62
2018,     Pickpocketing,0,0,0,0,0,0,168,22,190,168,22,190
2018,     Shop theft,116,63,179,76,106,182,2356,2749,5105,2548,2918,5466
2018,     Theft from vehicle,0,0,0,6,0,6,129,1,130,135,1,136
2018,     Taking conveyance without authority,4,0,4,18,0,18,109,4,113,131,4,135
2018,     Other thefts,149,29,178,153,37,190,2195,961,3156,2497,1027,3524
2018,     Handling stolen goods,0,0,0,3,1,4,50,19,69,53,20,73
2018,"     Deception, fraud and forgery",13,3,16,83,48,131,1285,723,2008,1381,774,2155
2018,     Sexual offences (other than rape and indecent assault),41,0,41,62,3,65,289,127,416,392,130,522
2018,     Serious drug offences,18,2,20,160,22,182,1428,340,1768,1606,364,1970
2018,     Serious immigration offences,1,1,2,11,6,17,320,185,505,332,192,524
2018,     Criminal damage,39,4,43,133,9,142,1314,232,1546,1486,245,1731
2018,     Unlawful society offences,22,1,23,82,5,87,247,8,255,351,14,365
2018,     Possession of arms/ammunition/offensive weapon,8,1,9,45,8,53,420,106,526,473,115,588
2018,     Other crimes,79,20,99,252,50,302,3547,1141,4688,3878,1211,5089
2018,Total,757,171,928,1504,337,1841,18555,7642,26197,20816,8150,28966
2019,Violent crime,236,58,294,334,36,370,3543,829,4372,4113,923,5036
2019,     Rape,2,0,2,6,0,6,38,0,38,46,0,46
2019,     Indecent assault,59,3,62,52,2,54,579,5,584,690,10,700
2019,     Murder and manslaughter,0,1,1,3,1,4,15,3,18,18,5,23
2019,     Attempted murder,0,0,0,0,0,0,0,0,0,0,0,0
2019,     Wounding,33,8,41,82,7,89,558,77,635,673,92,765
2019,     Serious assault,83,32,115,96,19,115,1437,462,1899,1616,513,2129
2019,     Assault on police,3,1,4,19,2,21,122,38,160,144,41,185
2019,     Kidnapping and child stealing,0,0,0,0,0,0,0,0,0,0,0,0
2019,     Cruelty to child,0,0,0,1,1,2,102,114,216,103,115,218
2019,     Criminal intimidation,21,6,27,21,1,22,443,100,543,485,107,592
2019,     Robbery with firearms/arms,0,0,0,0,0,0,0,0,0,0,0,0
2019,     Robbery with pistol-like objects,0,0,0,0,0,0,3,1,4,3,1,4
2019,     Other robberies,10,4,14,27,3,30,95,4,99,132,11,143
2019,     Aggravated burglary,0,0,0,1,0,1,0,0,0,1,0,1
2019,     Blackmail,14,1,15,10,0,10,91,14,105,115,15,130
2019,     Arson,11,2,13,16,0,16,60,11,71,87,13,100
2019,Non-violent crime,613,233,846,2071,687,2758,13164,6254,19418,15848,7174,23022
2019,     Burglary,8,3,11,32,6,38,302,27,329,342,36,378
2019,     Snatching,1,0,1,9,0,9,25,4,29,35,4,39
2019,     Pickpocketing,0,0,0,0,0,0,126,31,157,126,31,157
2019,     Shop theft,75,53,128,73,86,159,1823,2227,4050,1971,2366,4337
2019,     Theft from vehicle,0,0,0,1,0,1,117,3,120,118,3,121
2019,     Taking conveyance without authority,7,1,8,18,2,20,104,9,113,129,12,141
2019,     Other thefts,88,32,120,92,31,123,1589,753,2342,1769,816,2585
2019,     Handling stolen goods,1,0,1,1,6,7,31,11,42,33,17,50
2019,"     Deception, fraud and forgery",8,2,10,64,34,98,1096,695,1791,1168,731,1899
2019,     Sexual offences (other than rape and indecent assault),38,1,39,63,0,63,228,91,319,329,92,421
2019,     Serious drug offences,17,3,20,108,16,124,700,170,870,825,189,1014
2019,     Serious immigration offences,0,0,0,7,4,11,261,146,407,268,150,418
2019,     Criminal damage,95,27,122,182,44,226,1203,229,1432,1480,300,1780
2019,     Unlawful society offences,14,8,22,27,1,28,53,1,54,94,10,104
2019,     Possession of arms/ammunition/offensive weapon,35,5,40,115,14,129,519,102,621,669,121,790
2019,     Other crimes,226,98,324,1279,443,1722,4987,1755,6742,6492,2296,8788
2019,Total,849,291,1140,2405,723,3128,16707,7083,23790,19961,8097,28058
2020,Violent crime,271,111,382,462,53,515,3800,843,4643,4533,1007,5540
2020,     Rape,4,0,4,11,0,11,44,0,44,59,0,59
2020,     Indecent assault,34,2,36,36,1,37,403,4,407,473,7,480
2020,     Murder and manslaughter,0,0,0,4,1,5,18,3,21,22,4,26
2020,     Attempted murder,0,0,0,0,0,0,5,0,5,5,0,5
2020,     Wounding,43,13,56,119,5,124,666,95,761,828,113,941
2020,     Serious assault,102,63,165,145,31,176,1539,452,1991,1786,546,2332
2020,     Assault on police,3,0,3,8,1,9,100,12,112,111,13,124
2020,     Kidnapping and child stealing,3,0,3,2,0,2,2,0,2,7,0,7
2020,     Cruelty to child,0,0,0,0,2,2,117,158,275,117,160,277
2020,     Criminal intimidation,7,17,24,19,4,23,444,79,523,470,100,570
2020,     Robbery with firearms/arms,0,0,0,0,0,0,0,0,0,0,0,0
2020,     Robbery with pistol-like objects,0,0,0,0,0,0,7,0,7,7,0,7
2020,     Other robberies,26,2,28,61,5,66,233,14,247,320,21,341
2020,     Aggravated burglary,0,0,0,0,0,0,4,0,4,4,0,4
2020,     Blackmail,15,11,26,25,2,27,141,16,157,181,29,210
2020,     Arson,34,3,37,32,1,33,77,10,87,143,14,157
2020,Non-violent crime,584,252,836,1729,525,2254,14112,6823,20935,16425,7600,24025
2020,     Burglary,6,0,6,25,0,25,388,31,419,419,31,450
2020,     Snatching,4,0,4,13,0,13,29,1,30,46,1,47
2020,     Pickpocketing,0,0,0,0,0,0,124,20,144,124,20,144
2020,     Shop theft,56,128,184,74,89,163,2210,2585,4795,2340,2802,5142
2020,     Theft from vehicle,0,0,0,5,2,7,172,9,181,177,11,188
2020,     Taking conveyance without authority,3,2,5,19,0,19,134,6,140,156,8,164
2020,     Other thefts,69,20,89,141,26,167,1743,680,2423,1953,726,2679
2020,     Handling stolen goods,0,1,1,6,0,6,64,19,83,70,20,90
2020,"     Deception, fraud and forgery",15,4,19,122,57,179,1372,953,2325,1509,1014,2523
2020,     Sexual offences (other than rape and indecent assault),53,2,55,64,1,65,281,89,370,398,92,490
2020,     Serious drug offences,35,7,42,220,56,276,1250,256,1506,1505,319,1824
2020,     Serious immigration offences,1,0,1,8,1,9,253,108,361,262,109,371
2020,     Criminal damage,105,15,120,164,18,182,1313,213,1526,1582,246,1828
2020,     Unlawful society offences,17,5,22,35,0,35,84,2,86,136,7,143
2020,     Possession of arms/ammunition/offensive weapon,38,8,46,73,6,79,368,58,426,479,72,551
2020,     Other crimes,182,60,242,760,269,1029,4327,1793,6120,5269,2122,7391
2020,Total,855,363,1218,2191,578,2769,17912,7666,25578,20958,8607,29565
2021,Violent crime,272,76,348,319,45,364,3968,977,4945,4559,1098,5657
2021,     Rape,4,0,4,14,0,14,63,0,63,81,0,81
2021,     Indecent assault,63,2,65,53,3,56,620,6,626,736,11,747
2021,     Murder and manslaughter,2,0,2,1,0,1,38,7,45,41,7,48
2021,     Attempted murder,0,0,0,0,0,0,6,1,7,6,1,7
2021,     Wounding,13,4,17,59,4,63,566,71,637,638,79,717
2021,     Serious assault,112,45,157,113,22,135,1524,453,1977,1749,520,2269
2021,     Assault on police,0,0,0,2,0,2,82,14,96,84,14,98
2021,     Kidnapping and child stealing,0,0,0,1,0,1,19,4,23,20,4,24
2021,     Cruelty to child,0,0,0,1,3,4,198,282,480,199,285,484
2021,     Criminal intimidation,13,6,19,24,3,27,490,96,586,527,105,632
2021,     Robbery with firearms/arms,0,0,0,0,0,0,1,0,1,1,0,1
2021,     Robbery with pistol-like objects,0,0,0,0,0,0,1,0,1,1,0,1
2021,     Other robberies,20,8,28,29,4,33,141,12,153,190,24,214
2021,     Aggravated burglary,0,0,0,0,0,0,1,0,1,1,0,1
2021,     Blackmail,17,7,24,19,4,23,138,16,154,174,27,201
2021,     Arson,28,4,32,3,2,5,80,15,95,111,21,132
2021,Non-violent crime,635,131,766,1244,299,1543,14420,6832,21252,16299,7262,23561
2021,     Burglary,9,2,11,11,1,12,348,30,378,368,33,401
2021,     Snatching,23,0,23,7,0,7,24,3,27,54,3,57
2021,     Pickpocketing,0,0,0,0,0,0,56,11,67,56,11,67
2021,     Shop theft,45,54,99,55,53,108,1952,2383,4335,2052,2490,4542
2021,     Theft from vehicle,6,0,6,8,0,8,142,3,145,156,3,159
2021,     Taking conveyance without authority,4,0,4,20,6,26,135,7,142,159,13,172
2021,     Other thefts,73,11,84,113,23,136,1862,815,2677,2048,849,2897
2021,     Handling stolen goods,2,0,2,3,0,3,57,29,86,62,29,91
2021,"     Deception, fraud and forgery",10,4,14,127,53,180,1900,1260,3160,2037,1317,3354
2021,     Sexual offences (other than rape and indecent assault),70,9,79,100,4,104,433,224,657,603,237,840
2021,     Serious drug offences,75,14,89,259,82,341,1470,288,1758,1804,384,2188
2021,     Serious immigration offences,1,0,1,8,1,9,334,133,467,343,134,477
2021,     Criminal damage,142,14,156,172,7,179,1317,226,1543,1631,247,1878
2021,     Unlawful society offences,36,2,38,46,2,48,134,8,142,216,12,228
2021,     Possession of arms/ammunition/offensive weapon,20,2,22,39,8,47,394,52,446,453,62,515
2021,     Other crimes,119,19,138,276,59,335,3862,1360,5222,4257,1438,5695
2021,Total,907,207,1114,1563,344,1907,18388,7809,26197,20858,8360,29218
2022,Violent crime,272,80,352,301,43,344,3619,988,4607,4192,1111,5303
2022,     Rape,6,0,6,11,0,11,39,0,39,56,0,56
2022,     Indecent assault,68,0,68,61,2,63,566,8,574,695,10,705
2022,     Murder and manslaughter,1,0,1,2,1,3,43,8,51,46,9,55
2022,     Attempted murder,0,0,0,0,0,0,2,0,2,2,0,2
2022,     Wounding,28,5,33,57,6,63,567,69,636,652,80,732
2022,     Serious assault,115,49,164,106,21,127,1412,462,1874,1633,532,2165
2022,     Assault on police,0,0,0,3,0,3,59,7,66,62,7,69
2022,     Kidnapping and child stealing,0,0,0,0,0,0,9,0,9,9,0,9
2022,     Cruelty to child,0,0,0,2,1,3,199,303,502,201,304,505
2022,     Criminal intimidation,26,15,41,19,5,24,440,83,523,485,103,588
2022,     Robbery with firearms/arms,0,0,0,0,0,0,0,0,0,0,0,0
2022,     Robbery with pistol-like objects,0,0,0,1,0,1,4,0,4,5,0,5
2022,     Other robberies,3,1,4,13,1,14,91,7,98,107,9,116
2022,     Aggravated burglary,0,0,0,0,0,0,1,0,1,1,0,1
2022,     Blackmail,12,5,17,16,6,22,119,24,143,147,35,182
2022,     Arson,13,5,18,10,0,10,68,17,85,91,22,113
2022,Non-violent crime,543,90,633,1198,247,1445,14547,6901,21448,16288,7238,23526
2022,     Burglary,2,0,2,8,2,10,301,31,332,311,33,344
2022,     Snatching,5,0,5,1,0,1,22,7,29,28,7,35
2022,     Pickpocketing,0,0,0,0,0,0,51,8,59,51,8,59
2022,     Shop theft,42,26,68,37,36,73,1768,2445,4213,1847,2507,4354
2022,     Theft from vehicle,1,0,1,5,0,5,121,3,124,127,3,130
2022,     Taking conveyance without authority,7,0,7,27,3,30,151,10,161,185,13,198
2022,     Other thefts,77,14,91,68,13,81,1788,771,2559,1933,798,2731
2022,     Handling stolen goods,1,0,1,2,0,2,42,22,64,45,22,67
2022,"     Deception, fraud and forgery",8,1,9,272,77,349,2829,1414,4243,3109,1492,4601
2022,     Sexual offences (other than rape and indecent assault),72,11,83,100,4,104,592,229,821,764,244,1008
2022,     Serious drug offences,33,10,43,205,50,255,1413,241,1654,1651,301,1952
2022,     Serious immigration offences,0,2,2,6,0,6,209,98,307,215,100,315
2022,     Criminal damage,118,8,126,140,12,152,1210,227,1437,1468,247,1715
2022,     Unlawful society offences,69,2,71,55,0,55,79,2,81,203,4,207
2022,     Possession of arms/ammunition/offensive weapon,13,1,14,23,2,25,303,37,340,339,40,379
2022,     Other crimes,95,15,110,249,48,297,3668,1356,5024,4012,1419,5431
2022,Total,815,170,985,1499,290,1789,18166,7889,26055,20480,8349,28829
 ,,,,,,,,,,,,,